Title,DOI,Year,Source,Count
"Anomaly Detection and Failure Root Cause Analysis in (Micro) Service-Based Cloud Applications: A Survey","10.1145/3501297",2022,"ACM, SCOPUS",2
"Latent Error Prediction and Fault Localization for Microservice Applications by Learning from System Trace Logs","10.1145/3338906.3338961",2019,"ACM, SCOPUS",2
"A Fault Injection Platform for Learning AIOps Models","10.1145/3551349.3559503",2023,"ACM, SCOPUS",2
"CloudRanger: Root Cause Identification for Cloud Native Systems","10.1109/CCGRID.2018.00076",2018,"ACM, IEEE, SCOPUS",3
"MicroSketch: Lightweight And&nbsp;Adaptive Sketch Based Performance Issue Detection And&nbsp;Localization In&nbsp;Microservice Systems","10.1007/978-3-031-20984-0_15",2022,"ACM, SCOPUS, SPRINGER",3
"Localization of Operational Faults in Cloud Applications by Mining Causal Dependencies in Logs Using Golden Signals","10.1007/978-3-030-76352-7_17",2020,"ACM, SPRINGER",2
"Graph-Based Trace Analysis for Microservice Architecture Understanding and Problem Diagnosis","10.1145/3368089.3417066",2020,"ACM, SCOPUS",2
"Requirements For&nbsp;Anomaly Detection Techniques For&nbsp;Microservices","10.1007/978-3-031-21388-5_3",2022,"ACM, SCOPUS, SPRINGER",3
"Large-Scale Trace Analysis for Microservice Anomaly Detection and Root Cause Localization","10.1145/3531056.3542765",2022,"ACM, SCOPUS",2
"TrinityRCL: Multi-Granular and Code-Level Root Cause Localization Using Multiple Types of Telemetry Data in Microservice Systems","10.1109/TSE.2023.3241299",2023,"ACM, IEEE, SCOPUS",3
"Look Deep into the Microservice System Anomaly through Very Sparse Logs","10.1145/3543507.3583338",2023,"ACM, SCOPUS",2
"Fault Analysis and Debugging of Microservice Systems: Industrial Survey, Benchmark System, and Empirical Study","10.1109/TSE.2018.2887384",2021,"ACM, IEEE, SCOPUS",3
"Inferring Calling Relationship Based on External Observation for Microservice Architecture","10.1007/978-3-319-69035-3_16",2017,"ACM, SCOPUS, SPRINGER",3
"Graph-Based Root Cause Analysis for Service-Oriented and Microservice Architectures","10.1016/j.jss.2019.110432",2020,"ACM, SCOPUS",2
"An Analysis of Call-Site Patching without Strong Hardware Support for Self-Modifying-Code","10.1145/3357390.3361027",2019,"ACM",1
"Swift Birth and Quick Death: Enabling Fast Parallel Guest Boot and Destruction in the Xen Hypervisor","10.1145/3050748.3050758",2017,"ACM",1
"Graph Based Liability Analysis for the Microservice Architecture","10.23919/CNSM55787.2022.9964681",2023,"ACM, IEEE, SCOPUS",3
"Anomaly Detection in Microservice Environments Using Distributed Tracing Data Analysis and NLP","10.1186/s13677-022-00296-4",2022,"ACM, SCOPUS, SPRINGER",3
"IoMiRCA: Root Cause Analysis in IoT-Extended 5G Microservice Environments","10.1145/3555776.3577840",2023,"ACM",1
"LongTale: Toward Automatic Performance Anomaly Explanation in Microservices","10.1145/3489525.3511675",2022,"ACM, SCOPUS",2
"MMRCA: MultiModal Root Cause Analysis","10.1007/978-3-031-14135-5_14",2021,"ACM, SCOPUS, SPRINGER",3
"Sage: Practical and Scalable ML-Driven Performance Debugging in Microservices","10.1145/3445814.3446700",2021,"ACM",1
"Microservices-Based Systems Visualization: Student Research Abstract","10.1145/3477314.3506963",2022,"ACM, SCOPUS",2
"Benchmarking Microservice Systems for Software Engineering Research","10.1145/3183440.3194991",2018,"ACM, SCOPUS",2
"FIRM: An Intelligent Fine-Grained Resource Management Framework for SLO-Oriented Microservices","",2020,"ACM, SCOPUS",2
"Designing and Managing Large-Scale Interactive Microservices in Datacenters","",2021,"ACM",1
"Enabling Containerized, Parametric and Distributed Database Deployment and Benchmarking as a Service","10.1145/3447545.3451188",2021,"ACM, SCOPUS",2
"A Comparative Analysis of Emerging Approaches for Securing Java Software with Intel SGX","10.1016/j.future.2019.03.018",2019,"ACM, SCOPUS",2
"Enhancing Packet Tracing of Microservices in Container Overlay Networks Using EBPF","10.1145/3570748.3570756",2022,"ACM, SCOPUS",2
"DeepTraLog: Trace-Log Combined Microservice Anomaly Detection through Graph-Based Deep Learning","10.1145/3510003.3510180",2022,"ACM, IEEE, SCOPUS",3
"MiSeRTrace: Kernel-Level Request Tracing for Microservice Visibility","10.1145/3491204.3527462",2022,"ACM, SCOPUS",2
"BSDG: Anomaly Detection Of&nbsp;Microservice Trace Based On&nbsp;Dual Graph Convolutional Neural Network","10.1007/978-3-031-20984-0_12",2022,"ACM, SCOPUS, SPRINGER",3
"Trace Analysis Based Microservice Architecture Measurement","10.1145/3540250.3558951",2022,"ACM, SCOPUS",2
"AID: Efficient Prediction of Aggregated Intensity of Dependency in Large-Scale Cloud Systems","10.1109/ASE51524.2021.9678534",2022,"ACM, IEEE, SCOPUS",3
"Improving Business Processes Using Blockchain, Microservices, or Cloud Computing: A Goal-Oriented Approach","",2021,"ACM",1
"Erms: Efficient Resource Management for Shared Microservices with SLA Guarantees","10.1145/3567955.3567964",2022,"ACM",1
"GRAF: A Graph Neural Network Based Proactive Resource Allocation Framework for SLO-Oriented Microservices","10.1145/3485983.3494866",2021,"ACM, SCOPUS",2
"Cushion: A Proactive Resource Provisioning Method to Mitigate SLO Violations for Containerized Microservices","10.1049/cmu2.12464",2022,"ACM",1
"Automated Test-Based Learning and Verification of Performance Models for Microservices Systems","10.1016/j.jss.2022.111225",2022,"ACM",1
"Performance Diagnosis in Cloud Microservices Using Deep Learning","10.1007/978-3-030-76352-7_13",2020,"ACM, SCOPUS, SPRINGER",3
"MicroRCA: Root Cause Localization of Performance Issues in Microservices","10.1109/NOMS47738.2020.9110353",2020,"ACM, IEEE, SCOPUS",3
"MicroEGRCL: An Edge-Attention-Based Graph Neural Network Approach For&nbsp;Root Cause Localization In&nbsp;Microservice Systems,Chen","10.1007/978-3-031-20984-0_18",2022,"ACM, SCOPUS, SPRINGER",3
"Model-Driven Generation of Microservice Architectures for Benchmarking Performance and Resilience Engineering Approaches","10.1145/3053600.3053627",2017,"ACM",1
"Benchmark Requirements for Microservices Architecture Research","",2017,"ACM",1
"Automatic Performance Diagnosis and Recovery in Cloud Microservices / Automatische Leistungsdiagnose Und Wiederherstellung in  Cloud-Microservices","",2022,"ACM",1
"Secure Distributed Applications the Decent Way","10.1145/3457340.3458304",2021,"ACM",1
"Asynchronous Snapshots of Actor Systems for Latency-Sensitive Applications","10.1145/3357390.3361019",2019,"ACM",1
"Proactive-Reactive Global Scaling, With&nbsp;Analytics","10.1007/978-3-031-20984-0_16",2022,"ACM",1
"Using Microservice Telemetry Data for System Dynamic Analysis","10.1109/SOSE55356.2022.00010",2022,"IEEE, SCOPUS",2
"Poster: Benchmarking Microservice Systems for Software Engineering Research","",2018,"IEEE",1
"TADL: Fault Localization with Transformer-based Anomaly Detection for Dynamic Microservice Systems","10.1109/SANER56733.2023.00078",2023,"IEEE, SCOPUS",2
"ORCAS: Efficient Resilience Benchmarking of Microservice Architectures","10.1109/ISSREW.2018.00-10",2018,"IEEE, SCOPUS",2
"Localizing and Explaining Faults in Microservices Using Distributed Tracing","10.1109/CLOUD55607.2022.00072",2022,"IEEE, SCOPUS",2
"Trace-based Intelligent Fault Diagnosis for Microservices with Deep Learning","10.1109/COMPSAC51774.2021.00121",2021,"IEEE, SCOPUS",2
"VECROsim: A Versatile Metric-oriented Microservice Fault Simulation System (Tools and Artifact Track)","10.1109/ISSRE55969.2022.00037",2022,"IEEE, SCOPUS",2
"An Anomaly Detection Algorithm for Microservice Architecture Based on Robust Principal Component Analysis","10.1109/ACCESS.2020.3044610",2020,"IEEE, SCOPUS",2
"Practical Root Cause Localization for Microservice Systems via Trace Analysis","10.1109/IWQOS52092.2021.9521340",2021,"IEEE, SCOPUS",2
"ServiceRank: Root Cause Identification of Anomaly in Large-Scale Microservice Architectures","10.1109/TDSC.2021.3083671",2022,"IEEE, SCOPUS",2
"Î¼Bench: An Open-Source Factory of Benchmark Microservice Applications","10.1109/TPDS.2023.3236447",2023,"IEEE",1
"A Framework of Virtual War Room and Matrix Sketch-Based Streaming Anomaly Detection for Microservice Systems","10.1109/ACCESS.2020.2977464",2020,"IEEE",1
"T-Rank:A Lightweight Spectrum based Fault Localization Approach for Microservice Systems","10.1109/CCGrid51090.2021.00051",2021,"IEEE, SCOPUS",2
"Robust Anomaly Diagnosis in Heterogeneous Microservices Systems under Variable Invocations","10.1109/GLOBECOM48099.2022.10001270",2022,"IEEE, SCOPUS",2
"MFRL-CA: Microservice Fault Root Cause Location based on Correlation Analysis","10.1109/DSA52907.2021.00018",2021,"IEEE, SCOPUS",2
"Multi-Layer Observability for Fault Localization in Microservices Based Systems","10.1109/SANER56733.2023.00081",2023,"IEEE",1
"Fault Localization for Microservice Applications with System Logs and Monitoring Metrics","10.1109/ICCCBDA55098.2022.9778893",2022,"IEEE, SCOPUS",2
"MicroMILTS: Fault Location for Microservices Based Mutual Information and LSTM Autoencoder","10.23919/APNOMS56106.2022.9919941",2022,"IEEE, SCOPUS",2
"Root-Cause Metric Location for Microservice Systems via Log Anomaly Detection","10.1109/ICWS49710.2020.00026",2020,"IEEE, SCOPUS",2
"A Saga Pattern Microservice Reference Architecture for an Elastic SLO Violation Analysis","10.1109/ICSA-C54293.2022.00029",2022,"IEEE, SCOPUS",2
"A layered framework for root cause diagnosis of microservices","10.1109/NCA53618.2021.9685494",2021,"IEEE",1
"Cloud Native Applications Profiling using a Graph Neural Networks Approach","10.1109/FNWF55208.2022.00046",2022,"IEEE, SCOPUS",2
"Fitness-guided Resilience Testing of Microservice-based Applications","10.1109/ICWS49710.2020.00027",2020,"IEEE, SCOPUS",2
"A Data-Centric Approach to Distributed Tracing","10.1109/CloudCom.2019.00039",2019,"IEEE, SCOPUS",2
"MicroLens: A Performance Analysis Framework for Microservices Using Hidden Metrics With BPF","10.1109/CLOUD55607.2022.00043",2022,"IEEE, SCOPUS",2
"Diagnosing Performance Issues in Microservices with Heterogeneous Data Source","10.1109/ISPA-BDCloud-SocialCom-SustainCom52081.2021.00074",2021,"IEEE, SCOPUS",2
"TS-InvarNet: Anomaly Detection and Localization based on Tempo-spatial KPI Invariants in Distributed Services","10.1109/ICWS55610.2022.00031",2022,"IEEE",1
"DyCause: Crowdsourcing to Diagnose Microservice Kernel Failure","10.1109/TDSC.2022.3233915",2023,"IEEE, SCOPUS",2
"Large-Scale Intelligent Microservices","10.1109/BigData50022.2020.9378270",2020,"IEEE, SCOPUS",2
"A Roadmap for Migration System-Architecture Decision by Neutrosophic-ANP and Benchmark for Enterprise Resource Planning Systems","10.1109/ACCESS.2021.3068837",2021,"IEEE, SCOPUS",2
"Automated performance prediction of microservice applications using simulation","10.1109/MASCOTS53633.2021.9614260",2021,"IEEE",1
"Chamulteon: Coordinated Auto-Scaling of Micro-Services","10.1109/ICDCS.2019.00199",2019,"IEEE",1
"Automated Grey-Box Testing of Microservice Architectures","10.1109/QRS57517.2022.00070",2022,"IEEE",1
"MicroDiag: Fine-grained Performance Diagnosis for Microservice Systems","10.1109/CloudIntelligence52565.2021.00015",2021,"IEEE, SCOPUS",2
"Telemetry-Based Software Failure Prediction by Concept-Space Model Creation","10.1109/QRS57517.2022.00030",2022,"IEEE",1
"Self-Adaptive Root Cause Diagnosis for Large-Scale Microservice Architecture","10.1109/TSC.2020.2993251",2022,"IEEE, SCOPUS",2
"In-Network Processing Acoustic Data for Anomaly Detection in Smart Factory","10.1109/GLOBECOM46510.2021.9685791",2021,"IEEE, SCOPUS",2
"MicroRAS: Automatic Recovery in the Absence of Historical Failure Data for Microservice Systems","10.1109/UCC48980.2020.00041",2020,"IEEE, SCOPUS",2
"Response Time Characterization of Microservice-Based Systems","10.1109/NCA.2018.8548062",2018,"IEEE",1
"Enhancing Fault Injection Testing of Service Systems via Fault-Tolerance Bottleneck","10.1109/TSE.2023.3285357",2023,"IEEE",1
"MS-Rank: Multi-Metric and Self-Adaptive Root Cause Diagnosis for Microservice Applications","10.1109/ICWS.2019.00022",2019,"IEEE, SCOPUS",2
"Efficient Management in Fog Computing","10.1109/NOMS56928.2023.10154219",2023,"IEEE",1
"Advancing Static Code Analysis With Language-Agnostic Component Identification","10.1109/ACCESS.2022.3160485",2022,"IEEE, SCOPUS",2
"Scalable Collaborative Software Visualization as a Service: Short Industry and Experience Paper","10.1109/IC2E55432.2022.00026",2022,"IEEE",1
"Edge Anomaly Detection Framework for AIOps in Cloud and IoT","10.5220/0011838600003488",2023,"SCOPUS",1
"MicroState: An Anomaly Localization Method in Heterogeneous Microservice Systems","10.1587/transinf.2022DAP0003",2023,"SCOPUS",1
"Assessing Database Contribution via Distributed Tracing for Microservice Systems","10.3390/app122211488",2022,"SCOPUS",1
"Root Cause Analysis of Anomalies Based on Graph Convolutional Neural Network","10.1142/S0218194022500395",2022,"SCOPUS",1
"Characterizing and synthesizing the workflow structure of microservices in ByteDance Cloud","10.1002/smr.2467",2022,"SCOPUS",1
"ICPE 2022 - Companion of the 2022 ACM/SPEC International Conference on Performance Engineering","",2022,"SCOPUS",1
"Performance Modeling and Anomaly Location of Large Microservice Systems Based on Trace Control Flow Analysis [åŸºäºŽè°ƒç”¨é“¾æŽ§åˆ¶æµ?åˆ†æž?çš„å¤§åž‹å¾®æœ?åŠ¡ç³»ç»Ÿæ€§èƒ½å»ºæ¨¡ä¸Žå¼‚å¸¸å®šä½?]","10.13328/j.cnki.jos.006209",2022,"SCOPUS",1
"Data Fusion of Observability Signals for Assisting Orchestration of Distributed Applications","10.3390/s22052061",2022,"SCOPUS",1
"A Subgrid-Oriented Privacy-Preserving Microservice Framework Based on Deep Neural Network for False Data Injection Attack Detection in Smart Grids","10.1109/TII.2021.3102332",2022,"SCOPUS",1
"15th International Conference on the Quality of Information and Communications Technology, QUATIC 2022","",2022,"SCOPUS",1
"An Approach of Automated Anomalous Microservice Ranking in Cloud-Native Environments","10.1142/S0218194021400167",2021,"SCOPUS",1
"Improving observability in Event Sourcing systems","10.1016/j.jss.2021.111015",2021,"SCOPUS",1
"Faster, deeper, easier: Crowdsourcing diagnosis of microservice kernel failure from user space","10.1145/3460319.3464805",2021,"SCOPUS",1
"Detecting anomalies in microservices with execution trace comparison","10.1016/j.future.2020.10.040",2021,"SCOPUS",1
"TraceRank: Abnormal service localization with dis-aggregated end-to-end tracing data in cloud native systems","10.1002/smr.2413",2021,"SCOPUS",1
"AAMR: Automated anomalous microservice ranking in cloud-native environment","10.18293/SEKE2021-091",2021,"SCOPUS",1
"Automated code-smell detection in microservices through static analysis: A case study","10.3390/app10217800",2020,"SCOPUS",1
"Identification of Comparison Key Elements and Their Relationships for Cloud Service Selection","10.1007/978-3-030-44769-4_6",2020,"SCOPUS, SPRINGER",2
"Efficient resource management in the cloud: From simulation to experimental validation using a low-cost Raspberry Pi testbed","10.1002/spe.2669",2019,"SCOPUS",1
"Offering security diagnosis as a service for cloud SaaS applications","10.1016/j.jisa.2018.11.006",2019,"SCOPUS",1
"12th International Conference on Cloud Computing, CLOUD 2019 held as part of the Services Conference Federation, SCF 2019","",2019,"SCOPUS",1
"22nd International Conference on Fundamental Approaches to Software Engineering, FASE 2019, Held as Part of the European Joint Conferences on Theory and Practice of Software, ETAPS 2019","",2019,"SCOPUS",1
"On anomaly detection and root cause analysis of microservice systems","10.1007/978-3-030-17642-6_45",2019,"SCOPUS, SPRINGER",2
"Visualization Tool for Designing Microservices with the Monolith-First Approach","10.1109/VISSOFT.2018.00012",2018,"SCOPUS",1
"Procedia Computer Science","",2015,"SCOPUS",1
"IoT composition based on self-controlled services","10.1007/s12652-020-01831-4",2020,"SPRINGER",1
"Improved data-driven root cause analysis in fog computing environment","10.1007/s40860-021-00158-x",2022,"SPRINGER",1
"Testing Very Large Database Management Systems: The Case of SAP HANA","10.1007/s13222-022-00426-x",2022,"SPRINGER",1
"Containerization technologies: taxonomies, applications and challenges","10.1007/s11227-021-03914-1",2022,"SPRINGER",1
"Enjoy your observability: an industrial survey of microservice tracing and analysis","10.1007/s10664-021-10063-9",2021,"SPRINGER",1
"Performance optimization for cloud computing systems in the microservice era: state-of-the-art and research opportunities","10.1007/s11704-020-0072-3",2022,"SPRINGER",1
"A search-based identification of variable microservices for enterprise SaaS","10.1007/s11704-022-1390-4",2022,"SPRINGER",1
"A method for monitoring the coupling evolution of microservice-based architectures","10.1186/s13173-021-00120-y",2021,"SPRINGER",1
"Intent-Driven Orchestration: Enforcing Service Level Objectives for Cloud Native Deployments","10.1007/s42979-023-01698-0",2023,"SPRINGER",1
"Industry practices and challenges for the evolvability assurance of microservices","10.1007/s10664-021-09999-9",2021,"SPRINGER",1
"18th ISoP Annual Meeting â€œPharmacovigilance without bordersâ€? Geneva, Switzerland, 11â€“14 November, 2018","10.1007/s40264-018-0719-2",2018,"SPRINGER",1
"A survey on AI for storage","10.1007/s42514-022-00101-3",2022,"SPRINGER",1
"Automated Analysis of Distributed Tracing: Challenges and Research Directions","10.1007/s10723-021-09551-5",2021,"SPRINGER",1
"The Twenty-First Century General Insurance Scenario in the Third World: The Case Study of the Indian Market","10.1111/1468-0440.00070",2000,"SPRINGER",1
"Cloud Resource Demand Prediction using Machine Learning in the Context of QoS Parameters","10.1007/s10723-021-09561-3",2021,"SPRINGER",1
"IoT-based botnet attacks systematic mapping study of literature","10.1007/s11192-020-03819-5",2021,"SPRINGER",1
"An empirical assessment of baseline feature location techniques","10.1007/s10664-019-09734-5",2020,"SPRINGER",1
"Big data in cybersecurity: a survey of applications and future trends","10.1007/s40860-020-00120-3",2021,"SPRINGER",1
"SDNFV Based Threat Monitoring and Security Framework for Multi-Access Edge Computing Infrastructure","10.1007/s11036-019-01389-2",2019,"SPRINGER",1
"Penetration testing framework for smart contract Blockchain","10.1007/s12083-020-00991-6",2021,"SPRINGER",1
"Automatic analysis of attack graphs for risk mitigation and prioritization on large-scale and complex networks in Industry 4.0","10.1007/s10207-020-00533-4",2022,"SPRINGER",1
"Building a Performance Efficient Core Banking System Based on the Microservices Architecture","10.1007/s10723-022-09624-z",2022,"SPRINGER",1
"Optimal deployment of components of cloud-hosted application for guaranteeing multitenancy isolation","10.1186/s13677-018-0124-5",2019,"SPRINGER",1
"Maintaining container sustainability through machine learning","10.1007/s10586-021-03359-4",2021,"SPRINGER",1
"EPMA: Elastic Platform for Microservices-based Applications: Towards Optimal Resource Elasticity","10.1007/s10723-021-09597-5",2022,"SPRINGER",1
"An automatic model management system and its implementation for AIOps on microservice platforms","10.1007/s11227-023-05123-4",2023,"SPRINGER",1
"Closing the Feedback Loop in DevOps Through Autonomous Monitors in Operations","10.1007/s42979-021-00826-y",2021,"SPRINGER",1
"IO dependent SSD cache allocation for elastic Hadoop applications","10.1007/s11432-017-9401-y",2018,"SPRINGER",1
"Feature-based critical components identification in multimedia software","10.1007/s11042-021-11277-1",2022,"SPRINGER",1
"OG-RADL: overall performance-based resource-aware dynamic load-balancer for deadline constrained Cloud tasks","10.1007/s11227-020-03544-z",2021,"SPRINGER",1
"Detecting Semantic Clones in Microservices Using Components","10.1007/s42979-023-01910-1",2023,"SPRINGER",1
"One Class Density Estimation Approach for Fault Detection and Rootcause Analysis in Computer Networks","10.1007/s10922-022-09671-7",2022,"SPRINGER",1
"Prediction of low accessibility in 4G networks","10.1007/s12243-021-00849-9",2022,"SPRINGER",1
"Optimized Sampling Strategies to Model the Performance of Virtualized Network Functions","10.1007/s10922-020-09547-8",2020,"SPRINGER",1
"CSADE: a delay-sensitive scheduling method based on task admission and delay evaluation on edgeâ€“cloud collaboration","10.1007/s10586-023-04017-7",2023,"SPRINGER",1
"A Survey on the Use of Lightweight Virtualization in I4.0 Manufacturing Environments","10.1007/s10922-023-09725-4",2023,"SPRINGER",1
"A hierarchical model for quantifying software security based on static analysis alerts and software metrics","10.1007/s11219-021-09555-0",2021,"SPRINGER",1
"Network Management 2030: Operations and Control of Network 2030 Services","10.1007/s10922-020-09517-0",2020,"SPRINGER",1
"CARS 2020â€”Computer Assisted Radiology and Surgery Proceedings of the 34th International Congress and Exhibition, Munich, Germany, June 23â€“27, 2020","10.1007/s11548-020-02171-6",2020,"SPRINGER",1
"A benchmark-based evaluation of search-based crash reproduction","10.1007/s10664-019-09762-1",2020,"SPRINGER",1
"Using Real-Time Dashboards to Monitor the Impact of Disruptive Events on Real Estate Market. Case of COVID-19 Pandemic in Australia","10.1007/s43762-022-00044-z",2022,"SPRINGER",1
"Anomalous behavior detection-based approach for authenticating smart home system users","10.1007/s10207-021-00571-6",2022,"SPRINGER",1
"Improving microservice-based applications with runtime placement adaptation","10.1186/s13174-019-0104-0",2019,"SPRINGER",1
"A survey of Kubernetes scheduling algorithms","10.1186/s13677-023-00471-1",2023,"SPRINGER",1
"ROS-based architecture for fast digital twin development of smart manufacturing robotized systems","10.1007/s10479-022-04759-4",2023,"SPRINGER",1
"Does PageRank apply to service ranking in microservice regression testing?","10.1007/s11219-021-09579-6",2022,"SPRINGER",1
"A multi-agent architecture for scheduling in platform-based smart manufacturing systems","10.1631/FITEE.1900094",2019,"SPRINGER",1
"A Survey On Log Research Of AIOps: Methods and Trends","10.1007/s11036-021-01832-3",2021,"SPRINGER",1
"A two-tier hybrid ensemble learning pipeline for intrusion detection systems in IoT networks","10.1007/s12652-022-04461-0",2023,"SPRINGER",1
"Evaluation of distributed stream processing frameworks for IoT applications in Smart Cities","10.1186/s40537-019-0215-2",2019,"SPRINGER",1
"Qualitative and quantitative comparison of Spring Cloud and Kubernetes in migrating from a monolithic to a microservice architecture","10.1007/s11761-023-00364-w",2023,"SPRINGER",1
"On the relation of control-flow and performance feature interactions: a case study","10.1007/s10664-019-09705-w",2019,"SPRINGER",1
"Resource scheduling techniques in cloud from a view of coordination: a holistic survey","10.1631/FITEE.2100298",2023,"SPRINGER",1
"Modeling Performance of Microservices Systems with Growth Theory","10.1007/s10664-021-10088-0",2022,"SPRINGER",1
"Facilitating the migration to the microservice architecture via model-driven reverse engineering and reinforcement learning","10.1007/s10270-022-00977-3",2022,"SPRINGER",1
"A distributed ensemble design based intrusion detection system using fog computing to protect the internet of things networks","10.1007/s12652-020-02696-3",2021,"SPRINGER",1
"An experimental study of fog and cloud computing in CEP-based Real-Time IoT applications","10.1186/s13677-021-00245-7",2021,"SPRINGER",1
"DICE simulation: a tool for software performance assessment at the design stage","10.1007/s10515-022-00335-z",2022,"SPRINGER",1
"Component-Centric Mobile Cloud Architecture Performance Evaluation: an Analytical Approach for Unified Models and Component Compatibility with Next Generation Evolving Technologies","10.1007/s11036-022-01933-7",2022,"SPRINGER",1
"Evaluating the agreement among technical debt measurement tools: building an empirical benchmark of technical debt liabilities","10.1007/s10664-020-09869-w",2020,"SPRINGER",1
"A digital shadow framework using distributed system concepts","10.1007/s10845-022-02028-6",2022,"SPRINGER",1
"DTFab: A Digital Twin based Approach for Optimal Reticle Management in Semiconductor Photolithography","10.1007/s11518-023-5564-x",2023,"SPRINGER",1
"Early Spam Detection Using Time-Based Cache in Graph database","10.1007/s00354-023-00223-4",2023,"SPRINGER",1
"ITS, The End of the World as We Know It: Transitioning AIED into a Service-Oriented Ecosystem","10.1007/s40593-016-0098-8",2016,"SPRINGER",1
"Cor-ENTC:correlation with ensembled approach for network traffic classification using SDN technology for future networks","10.1007/s11227-022-04969-4",2023,"SPRINGER",1
"World of code: enabling a research workflow for mining and analyzing the universe of open source VCS data","10.1007/s10664-020-09905-9",2021,"SPRINGER",1
"Load balancing in cloud computing â€“ A hierarchical taxonomical classification","10.1186/s13677-019-0146-7",2019,"SPRINGER",1
"Social Internet of Things: vision, challenges, and trends","10.1186/s13673-020-00254-6",2020,"SPRINGER",1
"MiCADO-Edge: Towards an Application-level Orchestrator for the Cloud-to-Edge Computing Continuum","10.1007/s10723-021-09589-5",2021,"SPRINGER",1
"Rotten green tests in Java, Pharo and Python","10.1007/s10664-021-10016-2",2021,"SPRINGER",1
"Edge computing in SDN-IoT networks: a systematic review of issues, challenges and solutions","10.1007/s10586-021-03311-6",2021,"SPRINGER",1
"Upgrading a high performance computing environment for massive data processing","10.1186/s13174-019-0118-7",2019,"SPRINGER",1
"A multi-model framework for semantically enhancing detection of quality-related bug report descriptions","10.1007/s10664-022-10280-w",2023,"SPRINGER",1
"Genetic Algorithm for Multi-Objective Optimization of Container Allocation in Cloud Architecture","10.1007/s10723-017-9419-x",2018,"SPRINGER",1
"Containers in HPC: a survey","10.1007/s11227-022-04848-y",2023,"SPRINGER",1
"A state-of-the-art survey of Digital Twin: techniques, engineering product lifecycle management and business innovation perspectives","10.1007/s10845-019-01512-w",2020,"SPRINGER",1
"Genetic-based web regression testing: an ontology-based multi-objective evolutionary framework to auto-regression testing of web applications","10.1007/s11761-020-00312-y",2021,"SPRINGER",1
"A method for transforming knowledge discovery metamodel to ArchiMate models","10.1007/s10270-021-00912-y",2022,"SPRINGER",1
"Building orchestrated microservice systems using declarative business processes","10.1007/s11761-020-00300-2",2020,"SPRINGER",1
"Test them all, is it worth it? Assessing configuration sampling on the JHipster Web development stack","10.1007/s10664-018-9635-4",2019,"SPRINGER",1
"Efficient autonomic and elastic resource management techniques in cloud environment: taxonomy and analysis","10.1007/s11276-021-02614-1",2021,"SPRINGER",1
"Resilient and dependability management in distributed environments: a systematic and comprehensive literature review","10.1007/s10586-022-03738-5",2023,"SPRINGER",1
"Autonomous robotic additive manufacturing through distributed modelâ€?free deep reinforcement learning in computational design environments","10.1007/s41693-022-00069-0",2022,"SPRINGER",1
"Voxerâ€”a platform for creating, customizing, and sharing scientific visualizations","10.1007/s12650-019-00595-0",2019,"SPRINGER",1
"Task scheduling in the internet of things: challenges, solutions, and future trends","10.1007/s10586-023-03991-2",2023,"SPRINGER",1
"Empirical assessment of generating adversarial configurations for software product lines","10.1007/s10664-020-09915-7",2021,"SPRINGER",1
"Comparative analysis of color histogram and LBP in CBIR systems","10.1007/s11042-023-15955-0",2023,"SPRINGER",1
"A systematic review on effective energy utilization management strategies in cloud data centers","10.1186/s13677-022-00368-5",2022,"SPRINGER",1
"Docker Cluster Management for the Cloud - Survey Results and Own Solution","10.1007/s10723-016-9366-y",2016,"SPRINGER",1
"Virtualization in Cloud Computing: Moving from Hypervisor to Containerizationâ€”A Survey","10.1007/s13369-021-05553-3",2021,"SPRINGER",1
"The Implementation of a Cloud-Edge Computing Architecture Using OpenStack and Kubernetes for Air Quality Monitoring Application","10.1007/s11036-020-01620-5",2021,"SPRINGER",1
"A technology transfer journey to a model-driven access control system","10.1007/s10009-023-00697-z",2023,"SPRINGER",1
"A machine learning approach for performance-oriented decision support in service-oriented architectures","10.1007/s10844-020-00617-6",2021,"SPRINGER",1
"Interval graph multi-coloring-based resource reservation for energy-efficient containerized cloud data centers","10.1007/s11227-020-03439-z",2021,"SPRINGER",1
"Search-based multi-vulnerability testing of XML injections in web applications","10.1007/s10664-019-09707-8",2019,"SPRINGER",1
"Static and Dynamic Dependency Visualization in a Layered Software City","10.1007/s42979-022-01404-6",2022,"SPRINGER",1
"Topic modeling in software engineering research","10.1007/s10664-021-10026-0",2021,"SPRINGER",1
"Special issue on deep learning and big data analytics for medical e-diagnosis/AI-based e-diagnosis","10.1007/s00521-023-08689-5",2023,"SPRINGER",1
"Workload Time Series Cumulative Prediction Mechanism for Cloud Resources Using Neural Machine Translation Technique","10.1007/s10723-022-09607-0",2022,"SPRINGER",1
"Special Issue on New Paradigms of Software Production and Deployment","10.1007/s42979-022-01029-9",2022,"SPRINGER",1
"Building an open-source system test generation tool: lessons learned and empirical analyses with EvoMaster","10.1007/s11219-023-09620-w",2023,"SPRINGER",1
"Automatic gait analysis through computer vision: a pilot study","10.1007/s00521-023-08549-2",2023,"SPRINGER",1
"IoT-fog-based healthcare 4.0 system using blockchain technology","10.1007/s11227-022-04788-7",2023,"SPRINGER",1
"Energy and cost trade-off for computational tasks offloading in mobile multi-tenant clouds","10.1007/s10586-020-03226-8",2021,"SPRINGER",1
"A bi-metric autoscaling approach for n-tier web applications on kubernetes","10.1007/s11704-021-0118-1",2021,"SPRINGER",1
"A priority-aware scheduling framework for heterogeneous workloads in container-based cloud","10.1007/s10489-022-04164-1",2023,"SPRINGER",1
"An diverse approach on virtual machines administration and power control in multi-level implicit servers","10.1007/s12652-021-03013-2",2021,"SPRINGER",1
"Dohko: an autonomic system for provision, configuration, and management of inter-cloud environments based on a software product line engineering method","10.1007/s10586-017-0897-1",2017,"SPRINGER",1
"Report on the State of the SoSyM Journal end of 2022","10.1007/s10270-023-01085-6",2023,"SPRINGER",1
"A Lightweight Service Placement Approach for Community Network Micro-Clouds","10.1007/s10723-018-9437-3",2019,"SPRINGER",1
"CAAIâ€”a cognitive architecture to introduce artificial intelligence in cyber-physical production systems","10.1007/s00170-020-06094-z",2020,"SPRINGER",1
"Energy and Makespan Aware Scheduling of Deadline Sensitive Tasks in the Cloud Environment","10.1007/s10723-021-09548-0",2021,"SPRINGER",1
"Low-power multi-cloud deployment of large distributed service applications with response-time constraints","10.1186/s13677-022-00363-w",2023,"SPRINGER",1
"A multi-dimensional extensible cloud-native service stack for enterprises","10.1186/s13677-022-00366-7",2022,"SPRINGER",1
"Characterization and modeling of an edge computing mixed reality workload","10.1186/s13677-020-00190-x",2020,"SPRINGER",1
"Cognitive capabilities for the CAAI in cyber-physical production systems","10.1007/s00170-021-07248-3",2021,"SPRINGER",1
"Smart water consumption measurement system for houses using IoT and cloud computing","10.1007/s10661-020-08535-4",2020,"SPRINGER",1
"Enabling the Rescheduling of Containerized Workloads in an Ad Hoc Cross-Organizational Collaboration","10.1007/s10922-022-09699-9",2022,"SPRINGER",1
"MaritimeDS: a data service framework for unsupervised maritime traffic monitoring based on trajectory big data","10.1007/s40860-021-00163-0",2022,"SPRINGER",1
"Faulty RJ45 connectors detection on radio base station using deep learning","10.1007/s11042-022-12694-6",2022,"SPRINGER",1
"Decomposition Based Cloud Resource Demand Prediction Using Extreme Learning Machines","10.1007/s10922-020-09557-6",2020,"SPRINGER",1
"Tradeoffs in modeling performance of highly configurable software systems","10.1007/s10270-018-0662-9",2019,"SPRINGER",1
"Design, simulation and testing of a cloud platform for sharing digital fabrication resources for education","10.1186/s13677-019-0135-x",2019,"SPRINGER",1
"Revisiting the Anatomy and Physiology of the Grid","10.1007/s10723-015-9324-0",2015,"SPRINGER",1
"Building a blockchain-based decentralized ecosystem for cloud and edge computing: an ALLSTAR approach and empirical study","10.1007/s12083-021-01198-z",2021,"SPRINGER",1
"The big data system, components, tools, and technologies: a survey","10.1007/s10115-018-1248-0",2019,"SPRINGER",1
"A comparative study of application-level caching recommendations at the method level","10.1007/s10664-021-10089-z",2022,"SPRINGER",1
"Self-tuning serverless task farming using proactive elasticity control","10.1007/s10586-020-03158-3",2021,"SPRINGER",1
"Energy efficiency in cloud computing data centers: a survey on software technologies","10.1007/s10586-022-03713-0",2023,"SPRINGER",1
"Survey on serverless computing","10.1186/s13677-021-00253-7",2021,"SPRINGER",1
"A Roadmap for HEP Software and Computing R&D for the 2020s","10.1007/s41781-018-0018-8",2019,"SPRINGER",1
"SIFR annotator: ontology-based semantic annotation of French biomedical text and clinical notes","10.1186/s12859-018-2429-2",2018,"SPRINGER",1
"Dynamic scheduling of heterogeneous resources across mobile edge-cloud continuum using fruit fly-based simulated annealing optimization scheme","10.1007/s00521-022-07260-y",2022,"SPRINGER",1
"Rule based auto-scalability of IoT services for efficient edge device resource utilization","10.1007/s12652-020-02100-0",2020,"SPRINGER",1
"Multi-agent QoS-aware autonomic resource provisioning framework for elastic BPM in containerized multi-cloud environment","10.1007/s12652-022-04120-4",2022,"SPRINGER",1
"SLA-driven container consolidation with usage prediction for green cloud computing","10.1007/s11704-018-7172-3",2020,"SPRINGER",1
"Smart IoT and Machine Learning-based Framework for Water Quality Assessment and Device Component Monitoring","10.1007/s11356-022-19014-3",2022,"SPRINGER",1
"Model-based resource analysis and synthesis of service-oriented automotive software architectures","10.1007/s10270-021-00896-9",2021,"SPRINGER",1
"Information extraction pipelines for knowledge graphs","10.1007/s10115-022-01826-x",2023,"SPRINGER",1
"Stochastic model-driven capacity planning framework for multi-access edge computing","10.1007/s00607-022-01102-4",2022,"SPRINGER",1
"Corrective commit probability: a measure of the effort invested in bug fixing","10.1007/s11219-021-09564-z",2021,"SPRINGER",1
"DAIS: dynamic access and integration services framework for cloud-oriented storage systems","10.1007/s10586-020-03088-0",2020,"SPRINGER",1
"An intelligent model for supporting edge migration for virtual function chains in next generation internet of things","10.1038/s41598-023-27674-5",2023,"SPRINGER",1
"HTMoL: full-stack solution for remote access, visualization, and analysis of molecular dynamics trajectory data","10.1007/s10822-018-0141-y",2018,"SPRINGER",1
"Genetic algorithms and heuristics hybridized for software architecture recovery","10.1007/s10515-023-00384-y",2023,"SPRINGER",1
"Fog computing in enabling 5G-driven emerging technologies for development of sustainable smart city infrastructures","10.1007/s10586-021-03496-w",2022,"SPRINGER",1
"Cost-effective learning-based strategies for test case prioritization in continuous integration of highly-configurable software","10.1007/s10664-021-10093-3",2022,"SPRINGER",1
"Latency and Energy-Awareness in Data Stream Processing for Edge Based IoT Systems","10.1007/s10723-022-09611-4",2022,"SPRINGER",1
"Content-aware QoE optimization in MEC-assisted Mobile video streaming","10.1007/s11042-023-15163-w",2023,"SPRINGER",1
"Proposal and comparative analysis of a voting-based election algorithm for managing service replication in MANETs","10.1007/s10489-023-04506-7",2023,"SPRINGER",1
"Microscope: Pinpoint Performance Issues with Causal Graphs in Micro-service Environments","10.1007/978-3-030-03596-9_1",2018,"SPRINGER",1
"Improved Topology Extraction Using Discriminative Parameter Mining of Logs","10.1007/978-3-030-75762-5_27",2021,"SPRINGER",1
"Failure Root Cause Analysis forÂ Microservices, Explained","10.1007/978-3-031-16092-9_6",2022,"SPRINGER",1
"Continuous Architecting with Microservices and DevOps: A Systematic Mapping Study","10.1007/978-3-030-29193-8_7",2019,"SPRINGER",1
"JCallGraph: Tracing Microservices in Very Large Scale Container Cloud Platforms","10.1007/978-3-030-23502-4_20",2019,"SPRINGER",1
"Unstructured Log Analysis for System Anomaly Detectionâ€”A Study","10.1007/978-981-16-5685-9_48",2022,"SPRINGER",1
"Multi-source Distributed System Data forÂ AI-Powered Analytics","10.1007/978-3-030-44769-4_13",2020,"SPRINGER",1
"Harmonia: A Continuous Service Monitoring Framework Using DevOps and Service Mesh in a Complementary Manner","10.1007/978-3-030-33702-5_12",2019,"SPRINGER",1
"A Rating Tool for the Automated Selection of Software Refactorings that Remove Antipatterns to Improve Performance and Stability","10.1007/978-3-030-29157-0_2",2019,"SPRINGER",1
"Fault Localization in Service Compositions","10.1007/978-3-319-68034-7_13",2017,"SPRINGER",1
"Anomaly Detection and Diagnosis for Container-Based Microservices with Performance Monitoring","10.1007/978-3-030-05063-4_42",2018,"SPRINGER",1
"Metric Based Cloud Infrastructure Monitoring","10.1007/978-3-319-69835-9_37",2018,"SPRINGER",1
"Domain-Independent Monitoring and Visualization of SLA Metrics in Multi-provider Environments","10.1007/978-3-319-69462-7_39",2017,"SPRINGER",1
"A QoS-Aware Resource Allocation Controller for Function as a Service (FaaS) Platform","10.1007/978-3-319-69035-3_17",2017,"SPRINGER",1
"Containersâ€™ Privacy andÂ Data Protection viaÂ Runtime Scanning Methods","10.1007/978-3-030-93479-8_3",2022,"SPRINGER",1
"Distributed Log Search Based onÂ Time Series Access andÂ Service Relations","10.1007/978-3-030-99587-4_10",2022,"SPRINGER",1
"Tight and Loose Coupling in Evolving Platform Ecosystems: The Cases of Airbnb and Uber","10.1007/978-3-319-93931-5_21",2018,"SPRINGER",1
"Anomaly Detection at Scale: The Case for Deep Distributional Time Series Models","10.1007/978-3-030-76352-7_14",2021,"SPRINGER",1
"Topology-Aware Continuous Experimentation in Microservice-Based Applications","10.1007/978-3-030-65310-1_2",2020,"SPRINGER",1
"Towards interactive tourism: capitalising on virtual and physical value chains","10.1007/978-3-7091-6373-3_2",1999,"SPRINGER",1
"AI Quality Engineering forÂ Machine Learning Based IoT Data Processing","10.1007/978-3-031-21637-4_4",2022,"SPRINGER",1
"IT Design for Resiliency Using Extreme Value Analysis","10.1007/978-3-030-83903-1_4",2021,"SPRINGER",1
"A Dynamic Partitioning Framework for Edge-Assisted Cloud Computing","10.1007/978-3-030-60239-0_15",2020,"SPRINGER",1
"Multi-source Anomaly Detection inÂ Distributed IT Systems","10.1007/978-3-030-76352-7_22",2021,"SPRINGER",1
"Using Language Models to Pre-train Features for Optimizing Information Technology Operations Management Tasks","10.1007/978-3-030-76352-7_18",2021,"SPRINGER",1
"Right Scaling for Right Pricing: A Case Study on Total Cost of Ownership Measurement for Cloud Migration","10.1007/978-3-030-29193-8_10",2019,"SPRINGER",1
"Translating a Legacy Stack to Microservices Using a Modernization Facade with Performance Optimization for Container Deployments","10.1007/978-3-030-40907-4_14",2020,"SPRINGER",1
"Hardening Containers with Static and Dynamic Analysis","10.1007/978-981-19-6414-5_12",2023,"SPRINGER",1
"A Self Healing Microservices Architecture: A Case Study in Docker Swarm Cluster","10.1007/978-3-030-15032-7_71",2020,"SPRINGER",1
"Reflections from a Hybrid Approach Used to Develop a Specification of a Shopfloor Platform for Smart Manufacturing in an Engineered-to-Order SME","10.1007/978-3-030-85910-7_73",2021,"SPRINGER",1
"Software Reliability Engineering for Resilient Cloud Operations","10.1007/978-3-030-76352-7_27",2021,"SPRINGER",1
"MICROLYZE: A Framework for Recovering the Software Architecture in Microservice-Based Environments","10.1007/978-3-319-92901-9_14",2018,"SPRINGER",1
"Cycle Detection andÂ Clustering forÂ Cyber Physical Systems","10.1007/978-3-031-28694-0_10",2023,"SPRINGER",1
"Billing System and 5G Network Slicing Service","10.1007/978-981-16-8558-3_24",2022,"SPRINGER",1
"Scaling Knowledge Graphs forÂ Automating AI ofÂ Digital Twins","10.1007/978-3-031-19433-7_46",2022,"SPRINGER",1
"Designing Architecture for Container-As-A-Service (CaaS) in Cloud Computing Environment: A Review","10.1007/978-981-19-2828-4_50",2022,"SPRINGER",1
"Making Runtime Data Useful for Incident Diagnosis: An Experience Report","10.1007/978-3-030-03673-7_33",2018,"SPRINGER",1
"Towards an APIs Adoption Agile Model in Large Banks","10.1007/978-3-030-45688-7_31",2020,"SPRINGER",1
"Automated Microservice Code-Smell Detection","10.1007/978-981-33-6385-4_20",2021,"SPRINGER",1
"Containers in Software Development: A Systematic Mapping Study","10.1007/978-3-030-35333-9_13",2019,"SPRINGER",1
"Rule-Based Security Monitoring of Containerized Environments","10.1007/978-3-030-49432-2_4",2020,"SPRINGER",1
"Measuring Change in Software Projects Through an Earned Value Lens","10.1007/978-3-030-00623-5_14",2018,"SPRINGER",1
"On Technical Debt inÂ Software Testing - Observations fromÂ Industry","10.1007/978-3-031-19756-7_17",2022,"SPRINGER",1
"Balancing Utility and Security: Securing Cloud Federations of Public Entities","10.1007/978-3-319-48472-3_60",2016,"SPRINGER",1
"A Qualitative Literature Review on Microservices Identification Approaches","10.1007/978-3-030-64846-6_9",2020,"SPRINGER",1
"A Review of Monitoring Probes for Cloud Computing Continuum","10.1007/978-3-031-28694-0_59",2023,"SPRINGER",1
"Microservices in IoT Middleware Architectures: Architecture, Trends, and Challenges","10.1007/978-981-19-3575-6_39",2023,"SPRINGER",1
"Enabling Process Variants and Versions in Distributed Object-Aware Process Management Systems","10.1007/978-3-319-92901-9_1",2018,"SPRINGER",1
"Wise Toolkit: Enabling Microservice-Based System Performance Experiments","10.1007/978-3-030-59635-4_11",2020,"SPRINGER",1
"DroidAutoML: A Microservice Architecture to Automate the Evaluation of Android Machine Learning Detection Systems","10.1007/978-3-030-50323-9_10",2020,"SPRINGER",1
"On Observability and Monitoring of Distributed Systems â€“ An Industry Interview Study","10.1007/978-3-030-33702-5_3",2019,"SPRINGER",1
"Model-Driven ML-Ops for Intelligent Enterprise Applications: Vision, Approaches and Challenges","10.1007/978-3-030-52306-0_11",2020,"SPRINGER",1
"Ensemble Bagging Approach for IoT Sensor Based Anomaly Detection","10.1007/978-981-15-8439-8_52",2021,"SPRINGER",1
"Semi-supervised Learning Enabled Fault Analysis Method for Power Distribution Network Based on LSTM Autoencoder and Attention Mechanism","10.1007/978-981-99-3300-6_18",2023,"SPRINGER",1
"Advanced Open IoT Platform for Prevention and Early Detection of Forest Fires","10.1007/978-3-319-77700-9_32",2018,"SPRINGER",1
"Containerized Distributed Rendering for Interactive Environments","10.1007/978-3-319-72323-5_5",2017,"SPRINGER",1
"Fault Detection Method for Power Distribution Network Based on Ensemble Learning","10.1007/978-981-99-3300-6_19",2023,"SPRINGER",1
"Proposal for the Development of a Myoelectrically Controlled Prosthetic Arm Integrated with a Web Interface Management System","10.1007/978-3-030-71187-0_75",2021,"SPRINGER",1
"A Comparison of MQTT Brokers for Distributed IoT Edge Computing","10.1007/978-3-030-58923-3_23",2020,"SPRINGER",1
"TMSA: Participatory Sensing Based on Mobile Phones in Urban Spaces","10.1007/978-3-030-62362-3_23",2020,"SPRINGER",1
"On Automatic Software Architecture Reconstruction of Microservice Applications","10.1007/978-981-33-6385-4_21",2021,"SPRINGER",1
"Towards Automated Microservices Extraction Using Muti-objective Evolutionary Search","10.1007/978-3-030-33702-5_5",2019,"SPRINGER",1
"A Group Genetic Algorithm for Resource Allocation in Container-Based Clouds","10.1007/978-3-030-43680-3_12",2020,"SPRINGER",1
"Assessing Architecture Conformance toÂ Coupling-Related Infrastructure-as-Code Best Practices: Metrics andÂ Case Studies","10.1007/978-3-031-16697-6_7",2022,"SPRINGER",1
"Automatic Microservices Identification from a Set of Business Processes","10.1007/978-3-030-45183-7_23",2020,"SPRINGER",1
"Towards Constraint Logic Programming over Strings for Test Data Generation","10.1007/978-3-030-46714-2_10",2020,"SPRINGER",1
"Smart Contracts for Global Sourcing Arrangements","10.1007/978-3-030-66834-1_5",2020,"SPRINGER",1
"Dynamic Updates of Virtual PLCs Deployed as Kubernetes Microservices","10.1007/978-3-030-86044-8_1",2021,"SPRINGER",1
"Client-Side Scheduling Based on Application Characterization on Kubernetes","10.1007/978-3-319-68066-8_13",2017,"SPRINGER",1
"Exploring the Architectural Entropy in Cloud Computing System","10.1007/978-981-10-5520-1_55",2018,"SPRINGER",1
"BBServerless: A Bursty Traffic Benchmark for Serverless","10.1007/978-3-030-96326-2_4",2022,"SPRINGER",1
"On Automated Role-Based Access Control Assessment in Enterprise Systems","10.1007/978-981-15-1465-4_38",2020,"SPRINGER",1
"Integrating Issue Management Systems ofÂ Independently Developed Software Components","10.1007/978-3-031-33976-9_1",2023,"SPRINGER",1
"Queue-Waiting-Time Based Load Balancing Algorithm for Fine-Grain Microservices","10.1007/978-3-319-94376-3_12",2018,"SPRINGER",1
"The Role of Blockchain to Reduce the Dissemination of Fake News on Social Media and Messaging Platforms","10.1007/978-3-031-20160-8_15",2023,"SPRINGER",1
"A Fuzzy-Based Auto-scaler for Web Applications in Cloud Computing Environments","10.1007/978-3-030-03596-9_57",2018,"SPRINGER",1
"SPEAKER: Split-Phase Execution of Application Containers","10.1007/978-3-319-60876-1_11",2017,"SPRINGER",1
"The Impact of Situational Context on the Software Development Process â€“ A Case Study of a Highly Innovative Start-up Organization","10.1007/978-3-319-67383-7_33",2017,"SPRINGER",1
"Securing Microservice-Driven Applications Based onÂ API Access Graphs Using Supervised Machine Learning Techniques","10.1007/978-981-19-6634-7_41",2023,"SPRINGER",1
"CloudSDN: Enabling SDN Framework for Security and Threat Analytics in Cloud Networks","10.1007/978-3-030-20615-4_12",2019,"SPRINGER",1
"Multi-criteria Differential Evolution for Optimization of Virtual Machine Resources in Smart City Cloud","10.1007/978-3-030-47679-3_28",2020,"SPRINGER",1
"Matching Code Patterns Across Programming Language","10.1007/978-3-031-23387-6_13",2022,"SPRINGER",1
"Assessing Black-box Test Case Generation Techniques forÂ Microservices","10.1007/978-3-031-14179-9_4",2022,"SPRINGER",1
"Scheduling Microservice Containers on Large Core Machines Through Placement and Coalescing","10.1007/978-3-030-88224-2_5",2021,"SPRINGER",1
"SCORE: A Resource-Efficient Microservice Orchestration Model Based onÂ Spectral Clustering inÂ Edge Computing","10.1007/978-3-031-20984-0_13",2022,"SPRINGER",1
"Measuring Quality in Metadata Repositories","10.1007/978-3-319-24592-8_5",2015,"SPRINGER",1
"SSH-Backed API Performance Case Study","10.1007/978-3-030-49556-5_27",2020,"SPRINGER",1
"Cyber-Physical Equipment as a Service","10.1007/978-3-031-16281-7_31",2023,"SPRINGER",1
"GPGPU Virtualisation with Multi-API Support Using Containers","10.1007/978-3-319-27308-2_64",2015,"SPRINGER",1
"Causal Model Extraction from Attack Trees to Attribute Malicious Insider Attacks","10.1007/978-3-030-62230-5_1",2020,"SPRINGER",1
"Microservice-Based System for Environmental Science Software Applications","10.1007/978-3-030-97652-1_39",2022,"SPRINGER",1
"Automatic Performance Simulation for Microservice Based Applications","10.1007/978-981-13-2853-4_7",2018,"SPRINGER",1
"Smart Omnichannel Architecture for Air Travel Applications Using Big Data Techniques","10.1007/978-981-10-8681-6_60",2019,"SPRINGER",1
"Cardinality Based Rate Limiting System for Time-Series Data","10.1007/978-3-030-59635-4_18",2020,"SPRINGER",1
"Computing Embeddings of Directed Bigraphs","10.1007/978-3-030-51372-6_3",2020,"SPRINGER",1
"A Quantitative Approach for the Assessment of Microservice Architecture Deployment Alternatives by Automated Performance Testing","10.1007/978-3-030-00761-4_11",2018,"SPRINGER",1
"CAVAS: Neutralizing Application and Container Security Vulnerabilities in the Cloud Native Era","10.1007/978-3-030-01701-9_26",2018,"SPRINGER",1
"Kuksa: A Cloud-Native Architecture for Enabling Continuous Delivery in the Automotive Domain","10.1007/978-3-030-35333-9_32",2019,"SPRINGER",1
"A Cost-Efficient Multi-cloud Orchestrator for Benchmarking Containerized Web-Applications","10.1007/978-3-030-34223-4_26",2019,"SPRINGER",1
"Automated Generation of Configurable Cloud-Native Chaos Testbeds","10.1007/978-3-030-86507-8_10",2021,"SPRINGER",1
"From DevOps to DevDataOps: Data Management in DevOps Processes","10.1007/978-3-030-39306-9_4",2020,"SPRINGER",1
"Cloud-Native Databases: An Application Perspective","10.1007/978-3-319-79090-9_7",2018,"SPRINGER",1
"Wholly!: A Build System For The Modern Software Stack","10.1007/978-3-030-00244-2_16",2018,"SPRINGER",1
"Learning Performance Models Automatically","10.1007/978-3-030-76352-7_6",2021,"SPRINGER",1
"Complex Expert Assessment as a Part of Fault Management Strategy for Data Storage Systems","10.1007/978-3-030-34983-7_58",2020,"SPRINGER",1
"A High-Level Ontology Network for ICT Infrastructures","10.1007/978-3-030-88361-4_26",2021,"SPRINGER",1
"CloudVaults: Integrating Trust Extensions into System Integrity Verification for Cloud-Based Environments","10.1007/978-3-030-66504-3_12",2020,"SPRINGER",1
"Log Attention â€“ Assessing Software Releases with Attention-Based Log Anomaly Detection","10.1007/978-3-031-14135-5_11",2022,"SPRINGER",1
"Artificial Social Intelligence: Hotel Rate Prediction","10.1007/978-3-030-39442-4_7",2020,"SPRINGER",1
"A Performance Survey of Lightweight Virtualization Techniques","10.1007/978-3-319-67262-5_3",2017,"SPRINGER",1
"An Interoperable Cloud Platform forÂ theÂ Garment Industry","10.1007/978-3-031-16075-2_32",2023,"SPRINGER",1
"Finding Performance Patterns from Logs with High Confidence","10.1007/978-3-030-59618-7_11",2020,"SPRINGER",1
"Impact Prediction ofÂ Online Education During COVID-19 Using Machine Learning: A Case Study","10.1007/978-981-19-7663-6_54",2023,"SPRINGER",1
"Modelling the Dynamic Reconfiguration of Application Topologies, Faults Included","10.1007/978-3-319-59746-1_10",2017,"SPRINGER",1
"Performance Analysis of Docker Containerization and Virtualization","10.1007/978-981-16-8862-1_56",2022,"SPRINGER",1
"Interactive Elicitation ofÂ Resilience Scenarios Based onÂ Hazard Analysis Techniques","10.1007/978-3-031-15116-3_11",2022,"SPRINGER",1
"Benchmarking Heterogeneous Cloud Functions","10.1007/978-3-319-75178-8_34",2018,"SPRINGER",1
"Automated Integration of Continental-Scale Observations in Near-Real Time for Simulation and Analysis of Biosphereâ€“Atmosphere Interactions","10.1007/978-3-030-63393-6_14",2020,"SPRINGER",1
"Deep Learning in the Wild","10.1007/978-3-319-99978-4_2",2018,"SPRINGER",1
"Machine Learning forÂ Cloud Resources Managementâ€”An Overview","10.1007/978-981-19-3035-5_67",2023,"SPRINGER",1
"Performance Comparison of Two Java-Based Actor Systems","10.1007/978-981-16-1781-2_9",2022,"SPRINGER",1
"Sandboxing the Cyberspace for Cybersecurity Education and Learning","10.1007/978-3-030-66504-3_11",2020,"SPRINGER",1
"Scalable Discovery and Continuous Inventory of Personal Data at Rest in Cloud Native Systems","10.1007/978-3-031-20984-0_36",2022,"SPRINGER",1
"The Benefits of Using Experimental Exploration for Cloud Migration Analysis and Planning","10.1007/978-3-319-94959-8_9",2018,"SPRINGER",1
"A Novel Design Approach Exploiting Data Parallelism in Serverless Infrastructure","10.1007/978-981-33-6977-1_20",2021,"SPRINGER",1
"Formal Software Architectural Migration Towards Emerging Architectural Styles","10.1007/978-3-030-58923-3_2",2020,"SPRINGER",1
"DevOps Meets Dynamic Orchestration","10.1007/978-3-030-06019-0_11",2019,"SPRINGER",1
"The Interoperability Challenge: Building a Model-Driven Digital Thread Platform for CPS","10.1007/978-3-030-89159-6_25",2021,"SPRINGER",1
"Modular Quality-of-Service Analysis ofÂ Software Design Models forÂ Cyber-Physical Systems","10.1007/978-3-031-34560-9_6",2023,"SPRINGER",1
"Measuring Application Security","10.1007/978-3-319-94782-2_5",2019,"SPRINGER",1
"Will Cloud Gain an Edge, or, CLOSER, to the Edge","10.1007/978-3-030-29193-8_2",2019,"SPRINGER",1
"Hybrid Grouping Genetic Algorithm for Large-Scale Two-Level Resource Allocation of Containers in the Cloud","10.1007/978-3-030-97546-3_42",2022,"SPRINGER",1
"An Event-Based Architecture forÂ Cross-Breed Multi-population Bio-inspired Optimization Algorithms","10.1007/978-3-030-43722-0_44",2020,"SPRINGER",1
"Scalable Online Monitoring of Distributed Systems","10.1007/978-3-030-60508-7_11",2020,"SPRINGER",1
"Towards Longitudinal Data Analytics in Parkinsonâ€™s Disease","10.1007/978-3-319-49655-9_9",2017,"SPRINGER",1
"Digital Disruption in Major Ports with Special Reference to Chennai Port, Kamarajar Port, and Tuticorin Port","10.1007/978-981-19-9379-4_8",2023,"SPRINGER",1
"Usability of Visual Data Profiling in Data Cleaning and Transformation","10.1007/978-3-319-69459-7_32",2017,"SPRINGER",1
"Investigating Performance and Cost in Function-as-a-Service Platforms","10.1007/978-3-030-33509-0_16",2020,"SPRINGER",1
"Software-Defined Multi-cloud Computing: A Vision, Architectural Elements, and Future Directions","10.1007/978-3-319-95162-1_1",2018,"SPRINGER",1
"Design of IoT Blockchain Based Smart Agriculture for Enlightening Safety and Security","10.1007/978-981-13-8300-7_2",2019,"SPRINGER",1
"Study on the Organization and Governance of Bigdata for Lifelong Education","10.1007/978-3-030-97774-0_45",2022,"SPRINGER",1
"A Comprehensive Enterprise System Metamodel for Quality Assurance","10.1007/978-981-33-6385-4_23",2021,"SPRINGER",1
"Upilio: Leveraging theÂ Serverless Paradigm forÂ Building aÂ Versatile IoT Application","10.1007/978-3-031-04718-3_8",2022,"SPRINGER",1
"DLPFS: The Data Leakage Prevention FileSystem","10.1007/978-3-031-16815-4_21",2022,"SPRINGER",1
"Leveraging AI in Service Automation Modeling: From Classical AI Through Deep Learning to Combination Models","10.1007/978-3-030-33702-5_14",2019,"SPRINGER",1
"Regulation andÂ Validation Challenges inÂ Artificial Intelligence-Empowered Healthcare Applicationsâ€”The Case ofÂ Blood-Retrieved Biomarkers","10.1007/978-3-031-17583-1_8",2023,"SPRINGER",1
"A Methodology for Tenant Migration in Legacy Shared-Table Multi-tenant Applications","10.1007/978-3-030-78198-9_1",2021,"SPRINGER",1
"A Containerized Edge Cloud Architecture for Data Stream Processing","10.1007/978-3-030-49432-2_8",2020,"SPRINGER",1
"A Distributed Ledger Approach to Digital Twin Secure Data Sharing","10.1007/978-3-030-22479-0_15",2019,"SPRINGER",1
"Short Paper: Stress-SGX: Load and Stress Your Enclaves for Fun and Profit","10.1007/978-3-030-05529-5_24",2019,"SPRINGER",1
"Empowering Low-Latency Applications Through a Serverless Edge Computing Architecture","10.1007/978-3-319-67262-5_15",2017,"SPRINGER",1
"Aligning IIoT and ISA-95 to Improve Asset Management in Process Industries","10.1007/978-3-030-64228-0_14",2021,"SPRINGER",1
"Exit-Less Hypercall: Asynchronous System Calls in Virtualized Processes","10.1007/978-3-030-38991-8_12",2020,"SPRINGER",1
"Decentralized Architecture for Energy-Aware Service Assembly","10.1007/978-3-030-58923-3_4",2020,"SPRINGER",1
"Better Call the Plumber: Orchestrating Dynamic Information Extraction Pipelines","10.1007/978-3-030-74296-6_19",2021,"SPRINGER",1
"Comparing SLAs for Cloud Services: A Model for Reasoning","10.1007/978-3-030-00063-9_18",2018,"SPRINGER",1
"Container-Based Virtualization for Real-Time Data Streaming Processing on the Edge Computing Architecture","10.1007/978-3-030-06158-6_21",2019,"SPRINGER",1
"Improving Architectural Reusability for Resource Allocation Framework in Futuristic Cloud Computing Using Decision Tree Based Multi-objective Automated Approach","10.1007/978-3-031-23092-9_32",2022,"SPRINGER",1
"HYPpOTesT: Hypothesis Testing Toolkit for Uncertain Service-Based WebÂ Applications","10.1007/978-3-030-34968-4_27",2019,"SPRINGER",1
"Analysis and Improvement of Heterogeneous Hardware Support in Docker Images","10.1007/978-3-030-78198-9_9",2021,"SPRINGER",1
